,NH,SH,Q1,Q2,Q3,Q4,DepthLow,DepthMid,DepthHigh,MagnitudeLow,MagnitudeMid,MagnitudeHigh,cluster
9,0,1,0,1,0,0,0,0,1,1,0,0,2.0
13,0,1,0,0,1,0,0,0,1,1,0,0,2.0
80,0,1,0,0,0,1,0,0,1,1,0,0,2.0
117,0,1,0,0,1,0,0,0,1,1,0,0,2.0
118,0,1,0,1,0,0,0,0,1,1,0,0,2.0
120,0,1,0,1,0,0,0,0,1,1,0,0,2.0
121,1,0,0,1,0,0,0,0,1,1,0,0,2.0
137,0,1,0,1,0,0,0,0,1,1,0,0,2.0
154,0,1,0,0,1,0,0,0,1,1,0,0,2.0
160,0,1,0,0,1,0,0,0,1,1,0,0,2.0
198,0,1,0,1,0,0,0,0,1,1,0,0,2.0
201,1,0,0,1,0,0,0,0,1,1,0,0,2.0
276,0,1,0,1,0,0,0,0,1,1,0,0,2.0
292,0,1,0,0,0,1,0,0,1,0,1,0,2.0
305,0,1,0,0,1,0,0,0,1,1,0,0,2.0
325,0,1,0,0,1,0,0,0,1,1,0,0,2.0
334,0,1,0,0,1,0,0,0,1,1,0,0,2.0
388,0,1,0,0,1,0,0,0,1,0,1,0,2.0
464,0,1,0,1,0,0,0,0,1,0,1,0,2.0
480,0,1,0,0,1,0,0,0,1,1,0,0,2.0
500,0,1,0,1,0,0,0,0,1,1,0,0,2.0
551,1,0,0,1,0,0,0,0,1,1,0,0,2.0
564,0,1,0,0,0,1,0,0,1,1,0,0,2.0
593,0,1,0,0,0,1,0,0,1,1,0,0,2.0
610,0,1,0,1,0,0,0,0,1,1,0,0,2.0
615,0,1,0,1,0,0,0,0,1,1,0,0,2.0
616,0,1,0,0,0,1,0,0,1,0,1,0,2.0
644,0,1,0,1,0,0,0,0,1,0,1,0,2.0
748,0,1,0,0,0,1,0,0,1,0,1,0,2.0
771,0,1,0,0,1,0,0,0,1,0,1,0,2.0
773,0,1,0,0,1,0,0,0,1,1,0,0,2.0
774,1,0,0,1,0,0,0,0,1,1,0,0,2.0
784,0,1,0,0,1,0,0,0,1,1,0,0,2.0
793,0,1,0,1,0,0,0,0,1,1,0,0,2.0
850,0,1,0,1,0,0,0,0,1,1,0,0,2.0
872,1,0,0,1,0,0,0,0,1,1,0,0,2.0
883,0,1,0,1,0,0,0,0,1,1,0,0,2.0
941,0,1,0,1,0,0,0,0,1,1,0,0,2.0
1029,0,1,0,1,0,0,0,0,1,0,1,0,2.0
1034,0,1,0,0,0,1,0,0,1,1,0,0,2.0
1051,0,1,0,0,1,0,0,0,1,1,0,0,2.0
1063,0,1,0,0,1,0,0,0,1,1,0,0,2.0
1072,1,0,0,1,0,0,0,0,1,0,1,0,2.0
1077,0,1,0,0,1,0,0,0,1,1,0,0,2.0
1093,0,1,0,1,0,0,0,0,1,1,0,0,2.0
1121,0,1,0,0,1,0,0,0,1,1,0,0,2.0
1150,0,1,0,0,1,0,0,0,1,0,1,0,2.0
1166,0,1,0,1,0,0,0,0,1,0,1,0,2.0
1167,0,1,0,1,0,0,0,0,1,1,0,0,2.0
1169,0,1,0,1,0,0,0,0,1,0,1,0,2.0
1219,1,0,0,1,0,0,0,0,1,1,0,0,2.0
1223,0,1,0,1,0,0,0,0,1,1,0,0,2.0
1245,0,1,0,1,0,0,0,0,1,1,0,0,2.0
1268,0,1,0,1,0,0,0,0,1,1,0,0,2.0
1303,0,1,0,1,0,0,0,0,1,1,0,0,2.0
1479,0,1,0,0,1,0,0,0,1,1,0,0,2.0
1496,0,1,0,1,0,0,0,0,1,1,0,0,2.0
1515,0,1,0,0,1,0,0,0,1,1,0,0,2.0
1585,0,1,0,1,0,0,0,0,1,1,0,0,2.0
1588,1,0,0,1,0,0,0,0,1,1,0,0,2.0
1640,0,1,0,0,1,0,0,0,1,1,0,0,2.0
1663,0,1,0,0,0,1,0,0,1,0,0,1,2.0
1668,0,1,0,0,1,0,0,0,1,1,0,0,2.0
1679,1,0,0,1,0,0,0,0,1,1,0,0,2.0
1690,1,0,0,1,0,0,0,0,1,0,1,0,2.0
1693,1,0,0,1,0,0,0,0,1,1,0,0,2.0
1749,0,1,0,1,0,0,0,0,1,1,0,0,2.0
1785,0,1,0,0,1,0,0,0,1,1,0,0,2.0
1790,1,0,0,1,0,0,0,0,1,1,0,0,2.0
1834,1,0,0,1,0,0,0,0,1,0,1,0,2.0
1854,0,1,0,1,0,0,0,0,1,1,0,0,2.0
1864,1,0,0,1,0,0,0,0,1,1,0,0,2.0
1898,0,1,0,0,1,0,0,0,1,1,0,0,2.0
1899,0,1,0,1,0,0,0,0,1,1,0,0,2.0
1904,0,1,0,0,1,0,0,0,1,1,0,0,2.0
1907,0,1,0,0,1,0,0,0,1,1,0,0,2.0
1935,0,1,0,1,0,0,0,0,1,1,0,0,2.0
1945,0,1,0,0,1,0,0,0,1,1,0,0,2.0
1969,0,1,0,1,0,0,0,0,1,1,0,0,2.0
1974,0,1,0,0,1,0,0,0,1,1,0,0,2.0
1991,0,1,0,1,0,0,0,0,1,1,0,0,2.0
2115,0,1,0,0,1,0,0,0,1,1,0,0,2.0
2151,0,1,0,0,1,0,0,0,1,1,0,0,2.0
2186,1,0,0,1,0,0,0,0,1,1,0,0,2.0
2198,0,1,0,0,0,1,0,0,1,1,0,0,2.0
2207,0,1,0,0,0,1,0,0,1,1,0,0,2.0
2216,0,1,0,0,1,0,0,0,1,1,0,0,2.0
2247,0,1,0,0,1,0,0,0,1,1,0,0,2.0
2248,1,0,0,1,0,0,0,0,1,1,0,0,2.0
2254,0,1,0,0,1,0,0,0,1,1,0,0,2.0
2269,0,1,0,0,1,0,0,0,1,1,0,0,2.0
2271,0,1,0,1,0,0,0,0,1,0,1,0,2.0
2279,0,1,0,1,0,0,0,0,1,0,1,0,2.0
2292,0,1,0,0,1,0,0,0,1,1,0,0,2.0
2296,0,1,0,1,0,0,0,0,1,1,0,0,2.0
2299,0,1,0,1,0,0,0,0,1,0,1,0,2.0
2314,0,1,0,0,1,0,0,0,1,1,0,0,2.0
2323,0,1,0,0,1,0,0,0,1,1,0,0,2.0
2355,0,1,0,0,1,0,0,0,1,1,0,0,2.0
2357,1,0,0,1,0,0,0,0,1,1,0,0,2.0
2366,0,1,0,0,1,0,0,0,1,1,0,0,2.0
2409,1,0,0,1,0,0,0,0,1,1,0,0,2.0
2465,1,0,0,1,0,0,0,0,1,1,0,0,2.0
2506,0,1,0,0,1,0,0,0,1,1,0,0,2.0
2524,0,1,0,0,1,0,0,0,1,1,0,0,2.0
2528,0,1,0,1,0,0,0,0,1,1,0,0,2.0
2560,0,1,0,0,1,0,0,0,1,1,0,0,2.0
2563,0,1,0,0,1,0,0,0,1,1,0,0,2.0
2577,0,1,0,0,0,1,0,0,1,1,0,0,2.0
2585,1,0,0,1,0,0,0,0,1,1,0,0,2.0
2597,1,0,0,1,0,0,0,0,1,1,0,0,2.0
2608,0,1,0,0,1,0,0,0,1,1,0,0,2.0
2684,0,1,0,0,1,0,0,0,1,1,0,0,2.0
2734,0,1,0,1,0,0,0,0,1,1,0,0,2.0
2792,0,1,0,0,1,0,0,0,1,1,0,0,2.0
2796,0,1,0,0,1,0,0,0,1,1,0,0,2.0
2804,1,0,0,1,0,0,0,0,1,1,0,0,2.0
2856,1,0,0,1,0,0,0,0,1,1,0,0,2.0
2865,1,0,0,1,0,0,0,0,1,1,0,0,2.0
2868,0,1,0,1,0,0,0,0,1,1,0,0,2.0
2879,1,0,0,1,0,0,0,0,1,1,0,0,2.0
2896,0,1,0,0,0,1,0,0,1,1,0,0,2.0
2902,0,1,0,1,0,0,0,0,1,1,0,0,2.0
2904,0,1,0,1,0,0,0,0,1,1,0,0,2.0
2906,0,1,0,1,0,0,0,0,1,1,0,0,2.0
2917,0,1,0,0,1,0,0,0,1,1,0,0,2.0
2961,0,1,0,1,0,0,0,0,1,1,0,0,2.0
3044,0,1,0,0,1,0,0,0,1,1,0,0,2.0
3061,0,1,0,1,0,0,0,0,1,1,0,0,2.0
3062,0,1,0,1,0,0,0,0,1,1,0,0,2.0
3080,0,1,0,1,0,0,0,0,1,1,0,0,2.0
3091,1,0,0,1,0,0,0,0,1,1,0,0,2.0
3092,0,1,0,1,0,0,0,0,1,1,0,0,2.0
3121,0,1,0,0,1,0,0,0,1,1,0,0,2.0
3184,0,1,0,1,0,0,0,0,1,1,0,0,2.0
3195,0,1,0,0,1,0,0,0,1,1,0,0,2.0
3231,0,1,0,1,0,0,0,0,1,1,0,0,2.0
3276,0,1,0,0,1,0,0,0,1,1,0,0,2.0
3312,1,0,0,1,0,0,0,0,1,1,0,0,2.0
3378,1,0,0,1,0,0,0,0,1,1,0,0,2.0
3387,0,1,0,0,1,0,0,0,1,1,0,0,2.0
3411,0,1,0,1,0,0,0,0,1,1,0,0,2.0
3435,0,1,0,0,1,0,0,0,1,1,0,0,2.0
3469,0,1,0,0,1,0,0,0,1,1,0,0,2.0
3477,0,1,0,1,0,0,0,0,1,1,0,0,2.0
3485,0,1,0,0,1,0,0,0,1,1,0,0,2.0
3517,1,0,0,1,0,0,0,0,1,1,0,0,2.0
3557,0,1,0,0,1,0,0,0,1,1,0,0,2.0
3587,0,1,0,0,1,0,0,0,1,1,0,0,2.0
3590,0,1,0,0,1,0,0,0,1,1,0,0,2.0
3685,0,1,0,0,1,0,0,0,1,1,0,0,2.0
3702,0,1,0,1,0,0,0,0,1,1,0,0,2.0
3720,0,1,0,1,0,0,0,0,1,1,0,0,2.0
3724,1,0,0,1,0,0,0,0,1,1,0,0,2.0
3735,1,0,0,1,0,0,0,0,1,1,0,0,2.0
3740,0,1,0,1,0,0,0,0,1,1,0,0,2.0
3798,0,1,0,1,0,0,0,0,1,1,0,0,2.0
3809,0,1,0,0,1,0,0,0,1,1,0,0,2.0
3816,0,1,0,1,0,0,0,0,1,1,0,0,2.0
3836,1,0,0,1,0,0,0,0,1,1,0,0,2.0
3897,0,1,0,0,1,0,0,0,1,1,0,0,2.0
3912,0,1,0,1,0,0,0,0,1,1,0,0,2.0
3966,0,1,0,1,0,0,0,0,1,1,0,0,2.0
3995,1,0,0,1,0,0,0,0,1,1,0,0,2.0
4126,0,1,0,0,1,0,0,0,1,1,0,0,2.0
4167,0,1,0,0,1,0,0,0,1,1,0,0,2.0
4170,0,1,0,0,1,0,0,0,1,1,0,0,2.0
4188,1,0,0,1,0,0,0,0,1,1,0,0,2.0
4217,0,1,0,0,1,0,0,0,1,1,0,0,2.0
4227,0,1,0,0,1,0,0,0,1,1,0,0,2.0
4236,0,1,0,0,0,1,0,0,1,1,0,0,2.0
4265,1,0,0,1,0,0,0,0,1,1,0,0,2.0
4299,0,1,0,0,0,1,0,0,1,1,0,0,2.0
4304,0,1,0,1,0,0,0,0,1,1,0,0,2.0
4306,1,0,0,1,0,0,0,0,1,1,0,0,2.0
4324,0,1,0,0,1,0,0,0,1,1,0,0,2.0
4332,1,0,0,1,0,0,0,0,1,1,0,0,2.0
4335,0,1,0,0,1,0,0,0,1,1,0,0,2.0
4361,0,1,0,0,1,0,0,0,1,1,0,0,2.0
4379,0,1,0,0,1,0,0,0,1,1,0,0,2.0
4503,0,1,0,0,1,0,0,0,1,1,0,0,2.0
4537,0,1,0,0,0,1,0,0,1,1,0,0,2.0
4548,0,1,0,0,1,0,0,0,1,1,0,0,2.0
4565,1,0,0,1,0,0,0,0,1,1,0,0,2.0
4583,0,1,0,0,1,0,0,0,1,1,0,0,2.0
4587,0,1,0,0,1,0,0,0,1,1,0,0,2.0
4593,0,1,0,0,1,0,0,0,1,1,0,0,2.0
4610,0,1,0,0,1,0,0,0,1,1,0,0,2.0
4629,1,0,1,0,0,0,0,1,0,1,0,0,2.0
4687,0,1,0,1,0,0,0,0,1,1,0,0,2.0
4688,0,1,0,1,0,0,0,0,1,1,0,0,2.0
4689,0,1,0,1,0,0,0,0,1,1,0,0,2.0
4704,1,0,0,1,0,0,0,0,1,1,0,0,2.0
4705,1,0,0,1,0,0,0,0,1,0,1,0,2.0
4743,0,1,0,0,1,0,0,0,1,1,0,0,2.0
4751,0,1,0,0,1,0,0,0,1,1,0,0,2.0
4756,0,1,0,0,1,0,0,0,1,1,0,0,2.0
4780,0,1,0,1,0,0,0,0,1,1,0,0,2.0
4792,0,1,0,0,1,0,0,0,1,1,0,0,2.0
4834,0,1,0,1,0,0,0,0,1,1,0,0,2.0
4852,0,1,0,0,1,0,0,0,1,1,0,0,2.0
4874,0,1,0,0,0,1,0,0,1,1,0,0,2.0
4907,0,1,0,0,1,0,0,0,1,1,0,0,2.0
4915,0,1,0,0,1,0,0,0,1,1,0,0,2.0
5021,0,1,0,1,0,0,0,0,1,1,0,0,2.0
5032,0,1,0,0,1,0,0,0,1,1,0,0,2.0
5040,1,0,1,0,0,0,0,0,1,1,0,0,2.0
5067,0,1,0,1,0,0,0,0,1,1,0,0,2.0
5068,1,0,0,1,0,0,0,0,1,1,0,0,2.0
5072,0,1,0,0,1,0,0,0,1,1,0,0,2.0
5128,1,0,0,1,0,0,0,0,1,1,0,0,2.0
5135,0,1,0,0,1,0,0,0,1,1,0,0,2.0
5154,0,1,0,1,0,0,0,0,1,1,0,0,2.0
5159,1,0,0,1,0,0,0,0,1,1,0,0,2.0
5176,1,0,0,1,0,0,0,0,1,1,0,0,2.0
5214,0,1,0,0,1,0,0,0,1,1,0,0,2.0
5244,1,0,0,1,0,0,0,0,1,1,0,0,2.0
5262,0,1,0,0,0,1,0,0,1,1,0,0,2.0
5307,1,0,0,1,0,0,0,0,1,1,0,0,2.0
5332,1,0,0,1,0,0,0,0,1,1,0,0,2.0
5340,0,1,0,0,1,0,0,0,1,1,0,0,2.0
5342,0,1,0,1,0,0,0,0,1,1,0,0,2.0
5344,0,1,0,0,1,0,0,0,1,1,0,0,2.0
5412,0,1,0,0,1,0,0,0,1,1,0,0,2.0
5416,1,0,0,1,0,0,0,0,1,1,0,0,2.0
5451,0,1,0,0,1,0,0,0,1,1,0,0,2.0
5452,0,1,0,1,0,0,0,0,1,1,0,0,2.0
5481,0,1,0,1,0,0,0,0,1,1,0,0,2.0
5505,0,1,0,0,1,0,0,0,1,1,0,0,2.0
5552,0,1,0,1,0,0,0,0,1,1,0,0,2.0
5556,0,1,0,0,1,0,0,0,1,1,0,0,2.0
5561,0,1,0,0,1,0,0,0,1,1,0,0,2.0
5604,0,1,0,0,1,0,0,0,1,1,0,0,2.0
5740,0,1,0,0,1,0,0,0,1,1,0,0,2.0
5782,0,1,0,1,0,0,0,0,1,1,0,0,2.0
5791,0,1,0,0,1,0,0,0,1,1,0,0,2.0
5845,0,1,0,0,0,1,0,0,1,1,0,0,2.0
5847,0,1,0,1,0,0,0,0,1,1,0,0,2.0
5861,0,1,0,1,0,0,0,0,1,1,0,0,2.0
5863,0,1,0,1,0,0,0,0,1,1,0,0,2.0
5868,0,1,0,1,0,0,0,0,1,1,0,0,2.0
5905,0,1,0,0,1,0,0,0,1,1,0,0,2.0
5930,0,1,0,0,1,0,0,0,1,1,0,0,2.0
5950,1,0,0,1,0,0,0,0,1,1,0,0,2.0
5986,0,1,0,0,1,0,0,0,1,1,0,0,2.0
5998,1,0,0,1,0,0,0,0,1,1,0,0,2.0
6001,0,1,0,0,1,0,0,0,1,1,0,0,2.0
6016,0,1,0,1,0,0,0,0,1,1,0,0,2.0
6034,0,1,0,0,1,0,0,0,1,1,0,0,2.0
6037,1,0,0,1,0,0,0,0,1,1,0,0,2.0
6042,0,1,0,0,1,0,0,0,1,1,0,0,2.0
6066,0,1,0,0,1,0,0,0,1,1,0,0,2.0
6069,1,0,0,1,0,0,0,0,1,1,0,0,2.0
6070,1,0,0,1,0,0,0,0,1,1,0,0,2.0
6085,1,0,0,1,0,0,0,0,1,1,0,0,2.0
6104,0,1,0,1,0,0,0,0,1,1,0,0,2.0
6108,0,1,0,0,1,0,0,0,1,1,0,0,2.0
6127,0,1,0,1,0,0,0,0,1,1,0,0,2.0
6189,0,1,0,1,0,0,0,0,1,1,0,0,2.0
6223,0,1,0,1,0,0,0,0,1,1,0,0,2.0
6231,1,0,0,1,0,0,0,0,1,0,1,0,2.0
6236,0,1,0,0,1,0,0,0,1,1,0,0,2.0
6277,0,1,0,1,0,0,0,0,1,1,0,0,2.0
6297,0,1,0,0,1,0,0,0,1,1,0,0,2.0
6323,0,1,0,1,0,0,0,0,1,1,0,0,2.0
6358,1,0,0,1,0,0,0,0,1,1,0,0,2.0
6424,0,1,0,0,0,1,0,0,1,1,0,0,2.0
6428,1,0,0,1,0,0,0,0,1,1,0,0,2.0
6443,1,0,0,1,0,0,0,0,1,1,0,0,2.0
6475,1,0,0,1,0,0,0,0,1,1,0,0,2.0
6564,0,1,0,0,1,0,0,0,1,1,0,0,2.0
6568,0,1,0,0,1,0,0,0,1,1,0,0,2.0
6604,0,1,0,0,0,1,0,0,1,1,0,0,2.0
6620,0,1,0,1,0,0,0,0,1,1,0,0,2.0
6635,0,1,0,0,1,0,0,0,1,1,0,0,2.0
6725,0,1,0,0,1,0,0,0,1,1,0,0,2.0
6750,1,0,0,1,0,0,0,0,1,1,0,0,2.0
6775,1,0,0,1,0,0,0,0,1,1,0,0,2.0
6787,0,1,0,0,1,0,0,0,1,1,0,0,2.0
6794,1,0,0,1,0,0,0,0,1,1,0,0,2.0
6807,0,1,0,0,1,0,0,0,1,1,0,0,2.0
6817,0,1,0,0,1,0,0,0,1,1,0,0,2.0
6826,0,1,0,0,1,0,0,0,1,1,0,0,2.0
6828,0,1,0,0,1,0,0,0,1,1,0,0,2.0
6847,0,1,0,0,0,1,0,0,1,0,1,0,2.0
6848,0,1,0,0,0,1,0,0,1,1,0,0,2.0
6884,0,1,0,0,0,1,0,0,1,1,0,0,2.0
6888,0,1,0,0,1,0,0,0,1,1,0,0,2.0
6893,0,1,0,0,1,0,0,0,1,1,0,0,2.0
6906,1,0,0,1,0,0,0,0,1,1,0,0,2.0
6938,1,0,0,1,0,0,0,0,1,0,1,0,2.0
6940,1,0,0,1,0,0,0,0,1,1,0,0,2.0
6942,1,0,0,1,0,0,0,0,1,0,1,0,2.0
6948,0,1,0,0,1,0,0,0,1,1,0,0,2.0
6951,0,1,0,0,1,0,0,0,1,1,0,0,2.0
6954,1,0,0,1,0,0,0,0,1,1,0,0,2.0
6955,0,1,0,1,0,0,0,0,1,1,0,0,2.0
6977,0,1,0,1,0,0,0,0,1,1,0,0,2.0
6989,0,1,0,1,0,0,0,0,1,1,0,0,2.0
6994,1,0,0,1,0,0,0,0,1,1,0,0,2.0
6996,0,1,0,0,1,0,0,0,1,1,0,0,2.0
7006,0,1,0,0,1,0,0,0,1,1,0,0,2.0
7095,0,1,0,0,1,0,0,0,1,1,0,0,2.0
7096,0,1,0,1,0,0,0,0,1,1,0,0,2.0
7103,0,1,0,1,0,0,0,0,1,0,1,0,2.0
7108,0,1,0,1,0,0,0,0,1,1,0,0,2.0
7117,0,1,0,0,1,0,0,0,1,1,0,0,2.0
7154,0,1,0,1,0,0,0,0,1,1,0,0,2.0
7164,0,1,0,0,1,0,0,0,1,1,0,0,2.0
7165,0,1,0,0,1,0,0,0,1,1,0,0,2.0
7177,0,1,0,1,0,0,0,0,1,1,0,0,2.0
7218,0,1,0,0,1,0,0,0,1,1,0,0,2.0
7235,0,1,0,0,1,0,0,0,1,1,0,0,2.0
7267,0,1,0,1,0,0,0,0,1,1,0,0,2.0
7272,0,1,0,0,1,0,0,0,1,1,0,0,2.0
7278,0,1,0,0,1,0,0,0,1,0,1,0,2.0
7279,1,0,0,1,0,0,0,0,1,1,0,0,2.0
7290,0,1,0,0,1,0,0,0,1,1,0,0,2.0
7331,0,1,0,0,0,1,0,0,1,1,0,0,2.0
7336,0,1,0,1,0,0,0,0,1,1,0,0,2.0
7358,0,1,0,0,1,0,0,0,1,1,0,0,2.0
7437,0,1,0,1,0,0,0,0,1,1,0,0,2.0
7442,0,1,0,0,1,0,0,0,1,1,0,0,2.0
7450,0,1,0,0,1,0,0,0,1,1,0,0,2.0
7451,0,1,0,0,1,0,0,0,1,1,0,0,2.0
7478,1,0,0,1,0,0,0,0,1,1,0,0,2.0
7486,1,0,0,1,0,0,0,0,1,1,0,0,2.0
7518,0,1,0,0,0,1,0,0,1,0,1,0,2.0
7542,0,1,0,0,1,0,0,0,1,1,0,0,2.0
7638,0,1,0,0,1,0,0,0,1,1,0,0,2.0
7641,0,1,0,1,0,0,0,0,1,1,0,0,2.0
7642,0,1,0,1,0,0,0,0,1,1,0,0,2.0
7653,0,1,0,1,0,0,0,0,1,1,0,0,2.0
7673,0,1,0,0,1,0,0,0,1,0,1,0,2.0
7684,1,0,0,1,0,0,0,0,1,1,0,0,2.0
7713,0,1,0,1,0,0,0,0,1,1,0,0,2.0
7716,0,1,0,0,1,0,0,0,1,1,0,0,2.0
7718,1,0,0,1,0,0,0,0,1,1,0,0,2.0
7734,0,1,0,0,1,0,0,0,1,1,0,0,2.0
7738,0,1,0,1,0,0,0,0,1,1,0,0,2.0
7747,0,1,0,0,0,1,0,0,1,1,0,0,2.0
7774,0,1,0,0,1,0,0,0,1,1,0,0,2.0
7784,0,1,0,0,0,1,0,0,1,1,0,0,2.0
7787,1,0,0,1,0,0,0,0,1,1,0,0,2.0
7816,0,1,0,0,1,0,0,0,1,1,0,0,2.0
7828,0,1,0,0,1,0,0,0,1,1,0,0,2.0
7839,1,0,0,1,0,0,0,0,1,1,0,0,2.0
7848,0,1,0,0,1,0,0,0,1,1,0,0,2.0
7856,1,0,0,1,0,0,0,0,1,1,0,0,2.0
7866,0,1,0,0,1,0,0,0,1,1,0,0,2.0
7870,0,1,0,0,1,0,0,0,1,1,0,0,2.0
7896,1,0,0,1,0,0,0,0,1,1,0,0,2.0
7898,0,1,0,1,0,0,0,0,1,1,0,0,2.0
7911,0,1,0,0,0,1,0,0,1,1,0,0,2.0
7913,0,1,0,0,1,0,0,0,1,1,0,0,2.0
7915,0,1,0,0,1,0,0,0,1,1,0,0,2.0
7921,0,1,0,0,1,0,0,0,1,1,0,0,2.0
8002,0,1,0,0,1,0,0,0,1,0,1,0,2.0
8003,0,1,0,1,0,0,0,0,1,0,1,0,2.0
8004,0,1,0,1,0,0,0,0,1,1,0,0,2.0
8006,0,1,0,1,0,0,0,0,1,1,0,0,2.0
8027,0,1,0,1,0,0,0,0,1,1,0,0,2.0
8031,0,1,0,0,1,0,0,0,1,0,1,0,2.0
8063,0,1,0,0,1,0,0,0,1,1,0,0,2.0
8156,0,1,0,0,1,0,0,0,1,1,0,0,2.0
8166,0,1,0,1,0,0,0,0,1,1,0,0,2.0
8179,0,1,0,1,0,0,0,0,1,1,0,0,2.0
8202,0,1,0,1,0,0,0,0,1,1,0,0,2.0
8243,0,1,0,0,1,0,0,0,1,1,0,0,2.0
8260,0,1,0,0,1,0,0,0,1,1,0,0,2.0
8276,0,1,0,0,1,0,0,0,1,1,0,0,2.0
8362,0,1,0,0,1,0,0,0,1,1,0,0,2.0
8367,1,0,0,1,0,0,0,0,1,1,0,0,2.0
8370,0,1,0,0,1,0,0,0,1,1,0,0,2.0
8442,1,0,0,1,0,0,0,0,1,1,0,0,2.0
8475,0,1,0,0,1,0,0,0,1,1,0,0,2.0
8486,0,1,0,0,1,0,0,0,1,1,0,0,2.0
8489,0,1,0,0,1,0,0,0,1,1,0,0,2.0
8496,1,0,0,1,0,0,0,0,1,0,1,0,2.0
8510,0,1,0,0,1,0,0,0,1,1,0,0,2.0
8512,1,0,0,1,0,0,0,0,1,0,1,0,2.0
8517,1,0,0,1,0,0,0,0,1,1,0,0,2.0
8547,0,1,0,0,1,0,0,0,1,1,0,0,2.0
8589,0,1,0,1,0,0,0,0,1,1,0,0,2.0
8599,1,0,0,1,0,0,0,0,1,1,0,0,2.0
8616,0,1,0,0,1,0,0,0,1,1,0,0,2.0
8617,0,1,0,0,1,0,0,0,1,1,0,0,2.0
8648,0,1,0,0,1,0,0,0,1,1,0,0,2.0
8662,0,1,0,1,0,0,0,0,1,1,0,0,2.0
8681,0,1,0,0,1,0,0,0,1,1,0,0,2.0
8693,1,0,0,1,0,0,0,0,1,1,0,0,2.0
8708,0,1,0,1,0,0,0,0,1,1,0,0,2.0
8728,0,1,0,0,1,0,0,0,1,1,0,0,2.0
8729,0,1,0,0,0,1,0,0,1,1,0,0,2.0
8740,0,1,0,0,0,1,0,0,1,1,0,0,2.0
8743,0,1,0,0,1,0,0,0,1,1,0,0,2.0
8763,0,1,0,0,1,0,0,0,1,1,0,0,2.0
8844,0,1,0,0,1,0,0,0,1,1,0,0,2.0
8902,0,1,0,0,1,0,0,0,1,1,0,0,2.0
8914,0,1,0,1,0,0,0,0,1,1,0,0,2.0
8915,0,1,0,0,1,0,0,0,1,0,1,0,2.0
8928,0,1,0,0,1,0,0,0,1,1,0,0,2.0
8940,0,1,0,0,1,0,0,0,1,1,0,0,2.0
8948,1,0,0,1,0,0,0,0,1,1,0,0,2.0
8950,0,1,0,0,1,0,0,0,1,1,0,0,2.0
8964,0,1,0,0,1,0,0,0,1,1,0,0,2.0
8974,0,1,0,0,1,0,0,0,1,1,0,0,2.0
8984,0,1,0,0,1,0,0,0,1,1,0,0,2.0
9026,0,1,0,0,1,0,0,0,1,1,0,0,2.0
9043,0,1,0,0,1,0,0,0,1,1,0,0,2.0
9059,0,1,0,1,0,0,0,0,1,1,0,0,2.0
9065,0,1,0,0,1,0,0,0,1,1,0,0,2.0
9076,0,1,0,1,0,0,0,0,1,1,0,0,2.0
9131,1,0,0,1,0,0,0,0,1,1,0,0,2.0
9156,1,0,0,1,0,0,0,0,1,0,1,0,2.0
9162,0,1,0,1,0,0,0,0,1,1,0,0,2.0
9164,1,0,0,1,0,0,0,0,1,1,0,0,2.0
9169,0,1,0,0,1,0,0,0,1,1,0,0,2.0
9186,0,1,0,0,1,0,0,0,1,1,0,0,2.0
9212,0,1,0,1,0,0,0,0,1,1,0,0,2.0
9243,0,1,0,0,1,0,0,0,1,1,0,0,2.0
9255,0,1,0,0,1,0,0,0,1,1,0,0,2.0
9300,0,1,0,0,0,1,0,0,1,1,0,0,2.0
9335,0,1,0,0,1,0,0,0,1,1,0,0,2.0
9336,0,1,0,0,1,0,0,0,1,1,0,0,2.0
9342,0,1,0,1,0,0,0,0,1,1,0,0,2.0
9375,0,1,0,0,1,0,0,0,1,1,0,0,2.0
9380,0,1,0,0,0,1,0,0,1,1,0,0,2.0
9402,0,1,0,1,0,0,0,0,1,1,0,0,2.0
9403,0,1,0,0,1,0,0,0,1,1,0,0,2.0
9415,0,1,0,0,1,0,0,0,1,1,0,0,2.0
9421,0,1,0,0,1,0,0,0,1,1,0,0,2.0
9423,0,1,0,1,0,0,0,0,1,1,0,0,2.0
9427,0,1,0,0,1,0,0,0,1,1,0,0,2.0
9428,0,1,0,1,0,0,0,0,1,1,0,0,2.0
9452,0,1,0,0,1,0,0,0,1,1,0,0,2.0
9460,0,1,0,0,1,0,0,0,1,1,0,0,2.0
9461,0,1,0,0,0,1,0,0,1,0,1,0,2.0
9463,0,1,0,0,1,0,0,0,1,1,0,0,2.0
9464,0,1,0,0,1,0,0,0,1,1,0,0,2.0
9483,0,1,0,0,1,0,0,0,1,1,0,0,2.0
9563,0,1,0,1,0,0,0,0,1,1,0,0,2.0
9573,0,1,0,1,0,0,0,0,1,1,0,0,2.0
9602,0,1,0,1,0,0,0,0,1,0,1,0,2.0
9675,0,1,0,1,0,0,0,0,1,1,0,0,2.0
9687,0,1,0,0,1,0,0,0,1,1,0,0,2.0
9712,0,1,0,0,1,0,0,0,1,1,0,0,2.0
9731,0,1,0,1,0,0,0,0,1,1,0,0,2.0
9814,0,1,0,0,1,0,0,0,1,1,0,0,2.0
9824,0,1,0,1,0,0,0,0,1,1,0,0,2.0
9827,0,1,0,0,1,0,0,0,1,1,0,0,2.0
9860,0,1,0,0,0,1,0,0,1,1,0,0,2.0
9885,1,0,0,1,0,0,0,0,1,1,0,0,2.0
9929,0,1,0,0,1,0,0,0,1,1,0,0,2.0
9930,1,0,0,1,0,0,0,0,1,1,0,0,2.0
9945,1,0,0,1,0,0,0,0,1,1,0,0,2.0
9972,1,0,0,1,0,0,0,0,1,1,0,0,2.0
9974,1,0,0,1,0,0,0,0,1,0,1,0,2.0
9987,0,1,0,1,0,0,0,0,1,1,0,0,2.0
9999,0,1,0,1,0,0,0,0,1,0,1,0,2.0
10005,0,1,0,0,1,0,0,0,1,1,0,0,2.0
10020,0,1,0,0,1,0,0,0,1,1,0,0,2.0
10037,0,1,0,0,1,0,0,0,1,1,0,0,2.0
10049,0,1,0,0,1,0,0,0,1,1,0,0,2.0
10051,0,1,0,0,1,0,0,0,1,1,0,0,2.0
10057,0,1,0,1,0,0,0,0,1,1,0,0,2.0
10060,0,1,0,0,1,0,0,0,1,1,0,0,2.0
10067,0,1,0,1,0,0,0,0,1,1,0,0,2.0
10068,0,1,0,1,0,0,0,0,1,1,0,0,2.0
10091,0,1,0,0,1,0,0,0,1,1,0,0,2.0
10107,1,0,0,1,0,0,0,0,1,1,0,0,2.0
10144,0,1,0,1,0,0,0,0,1,1,0,0,2.0
10161,1,0,0,1,0,0,0,0,1,1,0,0,2.0
10197,0,1,0,1,0,0,0,0,1,1,0,0,2.0
10199,0,1,0,1,0,0,0,0,1,1,0,0,2.0
10203,0,1,0,0,0,1,0,0,1,0,1,0,2.0
10206,0,1,0,0,1,0,0,0,1,1,0,0,2.0
10220,0,1,0,1,0,0,0,0,1,1,0,0,2.0
10254,0,1,0,0,1,0,0,0,1,1,0,0,2.0
10255,0,1,0,0,1,0,0,0,1,1,0,0,2.0
10262,0,1,0,0,1,0,0,0,1,1,0,0,2.0
10291,0,1,0,0,1,0,0,0,1,1,0,0,2.0
10292,0,1,0,0,1,0,0,0,1,1,0,0,2.0
10306,0,1,0,1,0,0,0,0,1,1,0,0,2.0
10327,0,1,0,1,0,0,0,0,1,1,0,0,2.0
10362,0,1,0,0,1,0,0,0,1,1,0,0,2.0
10427,0,1,0,1,0,0,0,0,1,1,0,0,2.0
10439,0,1,0,0,1,0,0,0,1,1,0,0,2.0
10463,1,0,0,1,0,0,0,0,1,0,1,0,2.0
10466,1,0,0,1,0,0,0,0,1,1,0,0,2.0
10470,0,1,0,0,1,0,0,0,1,1,0,0,2.0
10483,0,1,0,0,1,0,0,0,1,1,0,0,2.0
10493,0,1,0,1,0,0,0,0,1,1,0,0,2.0
10496,0,1,0,1,0,0,0,0,1,0,1,0,2.0
10502,0,1,0,0,1,0,0,0,1,1,0,0,2.0
10516,0,1,0,0,1,0,0,0,1,1,0,0,2.0
10521,0,1,0,0,0,1,0,0,1,0,1,0,2.0
10522,0,1,0,0,0,1,0,0,1,1,0,0,2.0
10531,0,1,0,0,1,0,0,0,1,1,0,0,2.0
10536,1,0,0,1,0,0,0,0,1,1,0,0,2.0
10571,0,1,0,0,1,0,0,0,1,1,0,0,2.0
10585,0,1,0,0,1,0,0,0,1,1,0,0,2.0
10594,0,1,0,1,0,0,0,0,1,1,0,0,2.0
10604,0,1,0,0,1,0,0,0,1,1,0,0,2.0
10618,0,1,0,0,1,0,0,0,1,0,1,0,2.0
10619,0,1,0,0,1,0,0,0,1,1,0,0,2.0
10687,0,1,0,1,0,0,0,0,1,1,0,0,2.0
10714,1,0,0,1,0,0,0,0,1,1,0,0,2.0
10719,0,1,0,1,0,0,0,0,1,1,0,0,2.0
10726,0,1,0,1,0,0,0,0,1,1,0,0,2.0
10745,0,1,0,0,1,0,0,0,1,1,0,0,2.0
10750,1,0,0,1,0,0,0,0,1,0,1,0,2.0
10762,0,1,0,0,1,0,0,0,1,1,0,0,2.0
10780,0,1,0,0,1,0,0,0,1,1,0,0,2.0
10824,1,0,0,1,0,0,0,0,1,1,0,0,2.0
10835,0,1,0,0,1,0,0,0,1,1,0,0,2.0
10870,1,0,0,1,0,0,0,0,1,1,0,0,2.0
10874,1,0,0,1,0,0,0,0,1,1,0,0,2.0
10915,1,0,0,1,0,0,0,0,1,1,0,0,2.0
10985,1,0,0,1,0,0,0,0,1,1,0,0,2.0
10989,0,1,0,0,1,0,0,0,1,0,1,0,2.0
10993,1,0,0,1,0,0,0,0,1,1,0,0,2.0
10996,0,1,0,1,0,0,0,0,1,1,0,0,2.0
11004,0,1,0,0,1,0,0,0,1,1,0,0,2.0
11020,1,0,0,1,0,0,0,0,1,1,0,0,2.0
11037,0,1,0,0,1,0,0,0,1,1,0,0,2.0
11038,0,1,0,0,1,0,0,0,1,1,0,0,2.0
11040,0,1,0,1,0,0,0,0,1,0,1,0,2.0
11050,0,1,0,0,1,0,0,0,1,1,0,0,2.0
11075,0,1,0,0,1,0,0,0,1,1,0,0,2.0
11078,0,1,0,0,1,0,0,0,1,1,0,0,2.0
11083,0,1,0,1,0,0,0,0,1,0,1,0,2.0
11094,0,1,0,1,0,0,0,0,1,1,0,0,2.0
11106,0,1,0,0,1,0,0,0,1,1,0,0,2.0
11209,0,1,0,0,1,0,0,0,1,1,0,0,2.0
11244,0,1,0,1,0,0,0,0,1,1,0,0,2.0
11253,0,1,0,1,0,0,0,0,1,1,0,0,2.0
11266,0,1,0,1,0,0,0,0,1,1,0,0,2.0
11281,0,1,0,0,1,0,0,0,1,1,0,0,2.0
11296,1,0,0,1,0,0,0,0,1,0,1,0,2.0
11356,0,1,0,0,1,0,0,0,1,1,0,0,2.0
11366,0,1,0,0,1,0,0,0,1,1,0,0,2.0
11376,0,1,0,1,0,0,0,0,1,1,0,0,2.0
11378,0,1,0,0,1,0,0,0,1,1,0,0,2.0
11392,0,1,0,0,1,0,0,0,1,1,0,0,2.0
11394,0,1,0,0,1,0,0,0,1,0,1,0,2.0
11400,0,1,0,0,1,0,0,0,1,1,0,0,2.0
11401,0,1,0,1,0,0,0,0,1,1,0,0,2.0
11414,0,1,0,0,0,1,0,0,1,1,0,0,2.0
11419,0,1,0,0,1,0,0,0,1,1,0,0,2.0
11500,1,0,0,1,0,0,0,0,1,1,0,0,2.0
11507,0,1,0,0,1,0,0,0,1,1,0,0,2.0
11528,0,1,0,0,1,0,0,0,1,1,0,0,2.0
11540,0,1,0,0,1,0,0,0,1,1,0,0,2.0
11542,0,1,0,1,0,0,0,0,1,0,1,0,2.0
11568,0,1,0,0,1,0,0,0,1,1,0,0,2.0
11580,0,1,0,0,1,0,0,0,1,1,0,0,2.0
11639,1,0,0,1,0,0,0,0,1,1,0,0,2.0
11646,0,1,0,0,1,0,0,0,1,1,0,0,2.0
11668,0,1,0,0,1,0,0,0,1,1,0,0,2.0
11680,0,1,0,0,1,0,0,0,1,1,0,0,2.0
11702,0,1,0,1,0,0,0,0,1,1,0,0,2.0
11706,0,1,0,0,1,0,0,0,1,1,0,0,2.0
11717,0,1,0,0,1,0,0,0,1,1,0,0,2.0
11730,0,1,0,0,1,0,0,0,1,1,0,0,2.0
11743,1,0,0,1,0,0,0,0,1,1,0,0,2.0
11744,1,0,0,1,0,0,0,0,1,1,0,0,2.0
11748,0,1,0,0,0,1,0,0,1,0,1,0,2.0
11760,0,1,0,0,1,0,0,0,1,1,0,0,2.0
11794,0,1,0,1,0,0,0,0,1,1,0,0,2.0
11827,0,1,0,0,1,0,0,0,1,0,0,1,2.0
11828,0,1,0,0,1,0,0,0,1,1,0,0,2.0
11845,0,1,0,0,1,0,0,0,1,1,0,0,2.0
11848,0,1,0,0,1,0,0,0,1,1,0,0,2.0
11872,0,1,0,0,1,0,0,0,1,1,0,0,2.0
11874,0,1,0,0,1,0,0,0,1,1,0,0,2.0
11879,0,1,0,0,1,0,0,0,1,1,0,0,2.0
11887,0,1,0,0,0,1,0,0,1,0,1,0,2.0
11904,0,1,0,0,0,1,0,0,1,0,1,0,2.0
11959,0,1,0,0,0,1,0,0,1,0,0,1,2.0
11960,0,1,0,0,0,1,0,0,1,1,0,0,2.0
11990,0,1,0,0,1,0,0,0,1,1,0,0,2.0
11991,0,1,0,0,1,0,0,0,1,1,0,0,2.0
11995,0,1,0,0,1,0,0,0,1,1,0,0,2.0
12008,0,1,0,1,0,0,0,0,1,1,0,0,2.0
12014,1,0,0,1,0,0,0,0,1,0,1,0,2.0
12015,1,0,0,1,0,0,0,0,1,1,0,0,2.0
12031,0,1,0,0,1,0,0,0,1,1,0,0,2.0
12038,0,1,0,0,0,1,0,0,1,1,0,0,2.0
12058,0,1,0,0,0,1,0,0,1,1,0,0,2.0
12064,0,1,0,1,0,0,0,0,1,1,0,0,2.0
12075,0,1,0,1,0,0,0,0,1,1,0,0,2.0
12111,0,1,0,1,0,0,0,0,1,0,1,0,2.0
12112,0,1,0,1,0,0,0,0,1,1,0,0,2.0
12114,0,1,0,0,1,0,0,0,1,1,0,0,2.0
12115,0,1,0,0,1,0,0,0,1,1,0,0,2.0
12167,0,1,0,1,0,0,0,0,1,0,1,0,2.0
12179,0,1,0,0,0,1,0,0,1,1,0,0,2.0
12183,0,1,0,0,0,1,0,0,1,1,0,0,2.0
12190,0,1,0,1,0,0,0,0,1,1,0,0,2.0
12211,0,1,0,0,1,0,0,0,1,1,0,0,2.0
12222,0,1,0,0,1,0,0,0,1,1,0,0,2.0
12224,0,1,0,0,1,0,0,0,1,1,0,0,2.0
12247,0,1,0,0,1,0,0,0,1,1,0,0,2.0
12259,0,1,0,0,1,0,0,0,1,1,0,0,2.0
12269,0,1,0,0,1,0,0,0,1,1,0,0,2.0
12281,0,1,0,0,1,0,0,0,1,1,0,0,2.0
12324,1,0,0,1,0,0,0,0,1,1,0,0,2.0
12339,0,1,0,0,1,0,0,0,1,1,0,0,2.0
12351,0,1,0,0,0,1,0,0,1,1,0,0,2.0
12361,0,1,0,0,1,0,0,0,1,1,0,0,2.0
12379,0,1,0,0,1,0,0,0,1,1,0,0,2.0
12392,0,1,0,1,0,0,0,0,1,1,0,0,2.0
12418,1,0,0,1,0,0,0,0,1,1,0,0,2.0
12448,0,1,0,1,0,0,0,0,1,1,0,0,2.0
12452,0,1,0,0,1,0,0,0,1,1,0,0,2.0
12507,0,1,0,0,1,0,0,0,1,1,0,0,2.0
12570,1,0,0,1,0,0,0,0,1,1,0,0,2.0
12586,1,0,0,1,0,0,0,0,1,1,0,0,2.0
12598,0,1,0,1,0,0,0,0,1,1,0,0,2.0
12604,0,1,0,1,0,0,0,0,1,1,0,0,2.0
12627,1,0,0,1,0,0,0,0,1,0,1,0,2.0
12629,1,0,0,1,0,0,0,0,1,1,0,0,2.0
12630,1,0,0,1,0,0,0,0,1,1,0,0,2.0
12631,1,0,0,1,0,0,0,0,1,1,0,0,2.0
12632,1,0,0,1,0,0,0,0,1,1,0,0,2.0
12633,0,1,0,0,1,0,0,0,1,1,0,0,2.0
12652,0,1,0,0,1,0,0,0,1,1,0,0,2.0
12653,0,1,0,0,1,0,0,0,1,1,0,0,2.0
12661,0,1,0,0,1,0,0,0,1,1,0,0,2.0
12682,1,0,0,1,0,0,0,0,1,1,0,0,2.0
12727,0,1,0,1,0,0,0,0,1,1,0,0,2.0
12734,0,1,0,0,1,0,0,0,1,1,0,0,2.0
12754,1,0,0,1,0,0,0,0,1,1,0,0,2.0
12809,0,1,0,0,1,0,0,0,1,1,0,0,2.0
12845,0,1,0,0,1,0,0,0,1,1,0,0,2.0
12869,0,1,0,0,1,0,0,0,1,1,0,0,2.0
12881,1,0,0,1,0,0,0,0,1,1,0,0,2.0
12897,0,1,0,1,0,0,0,0,1,1,0,0,2.0
12910,0,1,0,0,1,0,0,0,1,1,0,0,2.0
12948,1,0,0,1,0,0,0,0,1,0,1,0,2.0
12999,0,1,0,0,1,0,0,0,1,1,0,0,2.0
13006,0,1,0,1,0,0,0,0,1,1,0,0,2.0
13018,0,1,0,1,0,0,0,0,1,0,1,0,2.0
13024,0,1,0,1,0,0,0,0,1,1,0,0,2.0
13034,0,1,0,0,1,0,0,0,1,1,0,0,2.0
13073,0,1,0,0,1,0,0,0,1,1,0,0,2.0
13076,0,1,0,1,0,0,0,0,1,0,0,1,2.0
13085,1,0,0,1,0,0,0,0,1,1,0,0,2.0
13086,1,0,0,1,0,0,0,0,1,1,0,0,2.0
13131,0,1,0,0,1,0,0,0,1,0,1,0,2.0
13160,0,1,0,1,0,0,0,0,1,1,0,0,2.0
13166,0,1,0,0,1,0,0,0,1,1,0,0,2.0
13173,1,0,0,1,0,0,0,0,1,1,0,0,2.0
13196,0,1,0,0,1,0,0,0,1,1,0,0,2.0
13215,0,1,0,1,0,0,0,0,1,1,0,0,2.0
13247,0,1,0,0,1,0,0,0,1,1,0,0,2.0
13249,1,0,0,1,0,0,0,0,1,1,0,0,2.0
13271,0,1,0,0,1,0,0,0,1,0,1,0,2.0
13273,0,1,0,0,1,0,0,0,1,1,0,0,2.0
13301,0,1,0,0,1,0,0,0,1,1,0,0,2.0
13326,0,1,0,0,1,0,0,0,1,1,0,0,2.0
13338,0,1,0,0,1,0,0,0,1,1,0,0,2.0
13340,0,1,0,1,0,0,0,0,1,1,0,0,2.0
13391,0,1,0,1,0,0,0,0,1,1,0,0,2.0
13416,0,1,0,0,1,0,0,0,1,1,0,0,2.0
13436,0,1,0,0,1,0,0,0,1,1,0,0,2.0
13448,0,1,0,1,0,0,0,0,1,1,0,0,2.0
13456,0,1,0,0,0,1,0,0,1,1,0,0,2.0
13503,0,1,0,1,0,0,0,0,1,1,0,0,2.0
13561,1,0,0,1,0,0,0,0,1,1,0,0,2.0
13573,0,1,0,0,1,0,0,0,1,1,0,0,2.0
13602,0,1,0,1,0,0,0,0,1,1,0,0,2.0
13628,0,1,0,1,0,0,0,0,1,1,0,0,2.0
13643,0,1,0,0,1,0,0,0,1,1,0,0,2.0
13646,0,1,0,1,0,0,0,0,1,1,0,0,2.0
13657,0,1,0,1,0,0,0,0,1,0,1,0,2.0
13660,0,1,0,1,0,0,0,0,1,1,0,0,2.0
13696,0,1,0,0,0,1,0,1,0,1,0,0,2.0
13704,0,1,0,1,0,0,0,0,1,1,0,0,2.0
13718,0,1,0,0,1,0,0,0,1,1,0,0,2.0
13735,0,1,0,0,1,0,0,0,1,1,0,0,2.0
13741,0,1,0,0,1,0,0,0,1,1,0,0,2.0
13775,0,1,0,0,0,1,0,0,1,0,1,0,2.0
13776,0,1,0,0,1,0,0,0,1,1,0,0,2.0
13779,1,0,0,1,0,0,0,0,1,1,0,0,2.0
13822,1,0,0,1,0,0,0,0,1,1,0,0,2.0
13829,0,1,0,0,1,0,0,0,1,1,0,0,2.0
13871,0,1,0,0,1,0,0,0,1,1,0,0,2.0
13873,0,1,0,1,0,0,0,0,1,1,0,0,2.0
13874,0,1,0,1,0,0,0,0,1,1,0,0,2.0
13883,1,0,0,1,0,0,0,0,1,1,0,0,2.0
13884,1,0,0,1,0,0,0,0,1,1,0,0,2.0
13887,1,0,0,1,0,0,0,0,1,1,0,0,2.0
13933,0,1,0,0,1,0,0,0,1,0,1,0,2.0
13934,0,1,0,0,1,0,0,0,1,1,0,0,2.0
13955,0,1,0,0,1,0,0,0,1,1,0,0,2.0
13963,0,1,0,1,0,0,0,0,1,1,0,0,2.0
13964,0,1,0,0,1,0,0,0,1,1,0,0,2.0
13984,0,1,0,0,1,0,0,0,1,0,1,0,2.0
13994,1,0,0,1,0,0,0,0,1,1,0,0,2.0
14014,0,1,0,1,0,0,0,0,1,1,0,0,2.0
14078,1,0,0,1,0,0,0,0,1,0,1,0,2.0
14147,0,1,0,0,1,0,0,0,1,1,0,0,2.0
14203,0,1,0,0,0,1,0,0,1,1,0,0,2.0
14207,1,0,0,1,0,0,0,0,1,1,0,0,2.0
14214,0,1,0,1,0,0,0,0,1,1,0,0,2.0
14228,1,0,0,1,0,0,0,0,1,1,0,0,2.0
14240,0,1,0,0,1,0,0,0,1,1,0,0,2.0
14245,0,1,0,0,1,0,0,0,1,1,0,0,2.0
14299,0,1,0,0,1,0,0,0,1,1,0,0,2.0
14304,0,1,0,0,1,0,0,0,1,1,0,0,2.0
14315,0,1,0,0,1,0,0,0,1,1,0,0,2.0
14317,0,1,0,1,0,0,0,0,1,1,0,0,2.0
14339,1,0,0,1,0,0,0,0,1,0,1,0,2.0
14341,0,1,0,1,0,0,0,0,1,1,0,0,2.0
14419,0,1,0,0,1,0,0,0,1,1,0,0,2.0
14428,1,0,0,1,0,0,0,0,1,1,0,0,2.0
14433,0,1,0,0,1,0,0,0,1,1,0,0,2.0
14440,0,1,0,1,0,0,0,0,1,1,0,0,2.0
14445,0,1,0,0,1,0,0,0,1,1,0,0,2.0
14515,0,1,0,1,0,0,0,0,1,1,0,0,2.0
14609,0,1,0,0,1,0,0,0,1,1,0,0,2.0
14619,1,0,0,1,0,0,0,0,1,1,0,0,2.0
14626,0,1,0,1,0,0,0,0,1,1,0,0,2.0
14629,0,1,0,0,1,0,0,0,1,1,0,0,2.0
14669,0,1,0,0,1,0,0,0,1,1,0,0,2.0
14687,1,0,0,1,0,0,0,0,1,1,0,0,2.0
14688,0,1,0,0,1,0,0,0,1,1,0,0,2.0
14693,0,1,0,0,1,0,0,0,1,1,0,0,2.0
14715,0,1,0,1,0,0,0,0,1,1,0,0,2.0
14729,1,0,0,1,0,0,0,0,1,1,0,0,2.0
14731,1,0,0,1,0,0,0,0,1,1,0,0,2.0
14747,0,1,0,0,1,0,0,0,1,1,0,0,2.0
14750,0,1,0,0,1,0,0,0,1,1,0,0,2.0
14751,0,1,0,0,1,0,0,0,1,1,0,0,2.0
14771,0,1,0,1,0,0,0,0,1,1,0,0,2.0
14780,0,1,0,0,1,0,0,0,1,1,0,0,2.0
14781,0,1,0,0,1,0,0,0,1,1,0,0,2.0
14794,0,1,0,0,1,0,0,0,1,1,0,0,2.0
14803,0,1,0,0,0,1,0,0,1,0,1,0,2.0
14804,0,1,0,0,0,1,0,0,1,1,0,0,2.0
14813,0,1,0,0,1,0,0,0,1,1,0,0,2.0
14817,0,1,0,0,1,0,0,0,1,1,0,0,2.0
14824,0,1,0,1,0,0,0,0,1,1,0,0,2.0
14835,0,1,0,1,0,0,0,0,1,1,0,0,2.0
14868,1,0,0,1,0,0,0,0,1,1,0,0,2.0
14869,1,0,0,1,0,0,0,0,1,1,0,0,2.0
14877,0,1,0,1,0,0,0,0,1,1,0,0,2.0
14897,0,1,0,1,0,0,0,0,1,1,0,0,2.0
14962,0,1,0,1,0,0,0,0,1,1,0,0,2.0
14988,0,1,0,0,1,0,0,0,1,1,0,0,2.0
14995,1,0,0,1,0,0,0,0,1,1,0,0,2.0
14998,0,1,0,0,1,0,0,0,1,1,0,0,2.0
14999,0,1,0,0,1,0,0,0,1,1,0,0,2.0
15049,0,1,0,0,1,0,0,0,1,1,0,0,2.0
15110,0,1,0,0,1,0,0,0,1,1,0,0,2.0
15196,0,1,0,0,1,0,0,0,1,0,1,0,2.0
15197,0,1,0,0,1,0,0,0,1,1,0,0,2.0
15214,0,1,0,0,1,0,0,0,1,1,0,0,2.0
15292,0,1,0,1,0,0,0,0,1,1,0,0,2.0
15404,0,1,0,0,1,0,0,0,1,1,0,0,2.0
15409,0,1,0,0,1,0,0,0,1,1,0,0,2.0
15425,0,1,0,0,1,0,0,0,1,1,0,0,2.0
15484,0,1,0,0,1,0,0,0,1,1,0,0,2.0
15492,0,1,0,0,1,0,0,0,1,1,0,0,2.0
15517,0,1,0,1,0,0,0,0,1,1,0,0,2.0
15541,0,1,0,0,1,0,0,0,1,1,0,0,2.0
15544,0,1,0,0,1,0,0,0,1,1,0,0,2.0
15559,0,1,0,1,0,0,0,0,1,1,0,0,2.0
15576,0,1,0,0,1,0,0,0,1,1,0,0,2.0
15593,0,1,0,0,1,0,0,0,1,1,0,0,2.0
15604,0,1,0,0,1,0,0,0,1,1,0,0,2.0
15612,0,1,0,0,1,0,0,0,1,1,0,0,2.0
15661,0,1,0,0,1,0,0,0,1,1,0,0,2.0
15668,0,1,0,1,0,0,0,0,1,1,0,0,2.0
15675,0,1,0,1,0,0,0,0,1,1,0,0,2.0
15676,0,1,0,1,0,0,0,0,1,1,0,0,2.0
15680,1,0,0,1,0,0,0,0,1,1,0,0,2.0
15703,0,1,0,0,1,0,0,0,1,1,0,0,2.0
15709,0,1,0,1,0,0,0,0,1,1,0,0,2.0
15747,1,0,0,1,0,0,0,0,1,1,0,0,2.0
15813,0,1,0,0,1,0,0,0,1,1,0,0,2.0
15844,1,0,0,1,0,0,0,0,1,1,0,0,2.0
15863,0,1,0,0,1,0,0,0,1,1,0,0,2.0
15879,1,0,0,1,0,0,0,0,1,0,1,0,2.0
15882,0,1,0,1,0,0,0,0,1,1,0,0,2.0
15900,0,1,0,0,1,0,0,0,1,1,0,0,2.0
15906,1,0,0,1,0,0,0,0,1,1,0,0,2.0
15919,0,1,0,0,0,1,0,0,1,1,0,0,2.0
15928,0,1,0,0,1,0,0,0,1,0,0,1,2.0
15929,0,1,0,1,0,0,0,0,1,1,0,0,2.0
15930,0,1,0,1,0,0,0,0,1,0,0,1,2.0
15931,0,1,0,1,0,0,0,0,1,1,0,0,2.0
15932,0,1,0,0,1,0,0,0,1,1,0,0,2.0
15933,0,1,0,1,0,0,0,0,1,1,0,0,2.0
15936,0,1,0,0,1,0,0,0,1,1,0,0,2.0
15939,0,1,0,0,1,0,0,0,1,1,0,0,2.0
15954,0,1,0,1,0,0,0,0,1,1,0,0,2.0
15956,0,1,0,1,0,0,0,0,1,1,0,0,2.0
15963,1,0,0,1,0,0,0,0,1,1,0,0,2.0
15994,0,1,0,0,1,0,0,0,1,1,0,0,2.0
16010,0,1,0,0,0,1,0,0,1,0,1,0,2.0
16016,0,1,0,0,1,0,0,0,1,1,0,0,2.0
16022,0,1,0,0,1,0,0,0,1,1,0,0,2.0
16046,1,0,0,1,0,0,0,0,1,1,0,0,2.0
16052,0,1,0,0,1,0,0,0,1,1,0,0,2.0
16056,0,1,0,0,1,0,0,0,1,1,0,0,2.0
16060,0,1,0,1,0,0,0,0,1,1,0,0,2.0
16062,1,0,0,1,0,0,0,0,1,1,0,0,2.0
16063,1,0,0,1,0,0,0,0,1,0,1,0,2.0
16070,0,1,0,0,0,1,0,0,1,1,0,0,2.0
16077,0,1,0,0,1,0,0,0,1,1,0,0,2.0
16082,0,1,0,1,0,0,0,0,1,1,0,0,2.0
16092,0,1,0,1,0,0,0,0,1,1,0,0,2.0
16097,1,0,0,1,0,0,0,0,1,1,0,0,2.0
16101,0,1,0,0,1,0,0,0,1,1,0,0,2.0
16104,0,1,0,0,1,0,0,0,1,1,0,0,2.0
16110,0,1,0,0,1,0,0,0,1,1,0,0,2.0
16128,1,0,0,1,0,0,0,0,1,1,0,0,2.0
16132,0,1,0,0,1,0,0,0,1,1,0,0,2.0
16156,0,1,0,0,1,0,0,0,1,1,0,0,2.0
16214,0,1,0,1,0,0,0,0,1,1,0,0,2.0
16238,0,1,0,0,0,1,0,0,1,1,0,0,2.0
16245,0,1,0,1,0,0,0,0,1,1,0,0,2.0
16265,0,1,0,0,1,0,0,0,1,1,0,0,2.0
16279,1,0,0,1,0,0,0,0,1,0,1,0,2.0
16280,1,0,0,1,0,0,0,0,1,1,0,0,2.0
16301,0,1,0,1,0,0,0,0,1,1,0,0,2.0
16307,0,1,0,0,0,1,0,0,1,0,1,0,2.0
16317,1,0,0,1,0,0,0,0,1,1,0,0,2.0
16360,1,0,0,1,0,0,0,0,1,0,1,0,2.0
16361,0,1,0,0,0,1,0,0,1,1,0,0,2.0
16374,0,1,0,0,1,0,0,0,1,1,0,0,2.0
16382,0,1,0,0,1,0,0,0,1,1,0,0,2.0
16401,0,1,0,1,0,0,0,0,1,1,0,0,2.0
16403,0,1,0,0,1,0,0,0,1,1,0,0,2.0
16410,1,0,0,1,0,0,0,0,1,1,0,0,2.0
16471,0,1,0,1,0,0,0,0,1,1,0,0,2.0
16483,0,1,0,0,1,0,0,0,1,1,0,0,2.0
16485,0,1,0,0,1,0,0,0,1,1,0,0,2.0
16494,0,1,0,1,0,0,0,0,1,1,0,0,2.0
16535,0,1,0,0,1,0,0,0,1,1,0,0,2.0
16546,0,1,0,0,1,0,0,0,1,1,0,0,2.0
16550,0,1,0,0,1,0,0,0,1,1,0,0,2.0
16562,0,1,0,0,1,0,0,0,1,1,0,0,2.0
16579,0,1,0,0,1,0,0,0,1,1,0,0,2.0
16610,0,1,0,1,0,0,0,0,1,1,0,0,2.0
16614,0,1,0,0,1,0,0,0,1,1,0,0,2.0
16645,0,1,0,0,0,1,0,0,1,1,0,0,2.0
16681,0,1,0,0,1,0,0,0,1,1,0,0,2.0
16688,0,1,0,0,1,0,0,0,1,1,0,0,2.0
16750,0,1,0,0,1,0,0,0,1,1,0,0,2.0
16775,0,1,0,1,0,0,0,0,1,1,0,0,2.0
16807,0,1,0,1,0,0,0,0,1,1,0,0,2.0
16811,0,1,0,1,0,0,0,0,1,1,0,0,2.0
16819,0,1,0,0,1,0,0,0,1,1,0,0,2.0
16837,0,1,0,0,1,0,0,0,1,1,0,0,2.0
16848,0,1,0,0,1,0,0,0,1,1,0,0,2.0
16849,0,1,0,0,1,0,0,0,1,0,1,0,2.0
16860,0,1,0,1,0,0,0,0,1,0,1,0,2.0
16969,0,1,0,0,1,0,0,0,1,1,0,0,2.0
17005,1,0,0,1,0,0,0,0,1,1,0,0,2.0
17022,0,1,0,0,0,1,0,0,1,1,0,0,2.0
17027,0,1,0,0,0,1,0,0,1,1,0,0,2.0
17033,0,1,0,0,1,0,0,0,1,0,1,0,2.0
17034,0,1,0,0,1,0,0,0,1,1,0,0,2.0
17042,0,1,0,1,0,0,0,0,1,1,0,0,2.0
17058,0,1,0,0,1,0,0,0,1,1,0,0,2.0
17062,0,1,0,1,0,0,0,0,1,1,0,0,2.0
17068,0,1,0,0,1,0,0,0,1,1,0,0,2.0
17074,1,0,0,1,0,0,0,0,1,1,0,0,2.0
17075,0,1,0,0,1,0,0,0,1,1,0,0,2.0
17082,0,1,0,0,1,0,0,0,1,1,0,0,2.0
17199,0,1,0,1,0,0,0,0,1,1,0,0,2.0
17254,1,0,0,1,0,0,0,0,1,0,1,0,2.0
17293,0,1,0,0,1,0,0,0,1,1,0,0,2.0
17314,0,1,0,1,0,0,0,0,1,1,0,0,2.0
17320,0,1,0,0,1,0,0,0,1,1,0,0,2.0
17323,0,1,0,0,0,1,0,0,1,0,1,0,2.0
17324,0,1,0,0,0,1,0,0,1,1,0,0,2.0
17344,0,1,0,0,1,0,0,0,1,1,0,0,2.0
17385,1,0,0,1,0,0,0,0,1,1,0,0,2.0
17415,0,1,0,1,0,0,0,0,1,1,0,0,2.0
17536,0,1,0,0,1,0,0,0,1,1,0,0,2.0
17542,0,1,0,1,0,0,0,0,1,1,0,0,2.0
17548,1,0,0,1,0,0,0,0,1,1,0,0,2.0
17561,0,1,0,0,1,0,0,0,1,1,0,0,2.0
17579,0,1,0,0,0,1,0,0,1,1,0,0,2.0
17653,1,0,0,1,0,0,0,0,1,1,0,0,2.0
17665,0,1,0,0,1,0,0,0,1,1,0,0,2.0
17675,0,1,0,1,0,0,0,0,1,1,0,0,2.0
17689,0,1,0,1,0,0,0,0,1,1,0,0,2.0
17702,0,1,0,0,1,0,0,0,1,0,1,0,2.0
17719,0,1,0,1,0,0,0,0,1,1,0,0,2.0
17725,0,1,0,1,0,0,0,0,1,0,0,1,2.0
17729,0,1,0,0,1,0,0,0,1,0,1,0,2.0
17754,0,1,0,0,1,0,0,0,1,1,0,0,2.0
17755,0,1,0,0,1,0,0,0,1,1,0,0,2.0
17759,0,1,0,0,1,0,0,0,1,1,0,0,2.0
17780,0,1,0,1,0,0,0,0,1,1,0,0,2.0
17788,0,1,0,1,0,0,0,0,1,1,0,0,2.0
17796,0,1,0,0,1,0,0,0,1,1,0,0,2.0
17827,1,0,0,1,0,0,0,0,1,1,0,0,2.0
17863,0,1,0,1,0,0,0,0,1,1,0,0,2.0
17901,0,1,0,0,1,0,0,0,1,1,0,0,2.0
17904,0,1,0,0,1,0,0,0,1,1,0,0,2.0
17905,0,1,0,0,1,0,0,0,1,1,0,0,2.0
17907,0,1,0,0,1,0,0,0,1,1,0,0,2.0
17924,0,1,0,0,1,0,0,0,1,1,0,0,2.0
17951,0,1,0,0,1,0,0,0,1,1,0,0,2.0
17967,0,1,0,0,1,0,0,0,1,1,0,0,2.0
17968,0,1,0,1,0,0,0,0,1,1,0,0,2.0
17976,0,1,0,0,1,0,0,0,1,1,0,0,2.0
17981,0,1,0,0,1,0,0,0,1,1,0,0,2.0
17986,0,1,0,1,0,0,0,0,1,1,0,0,2.0
18009,1,0,0,1,0,0,0,0,1,1,0,0,2.0
18026,0,1,0,1,0,0,0,0,1,1,0,0,2.0
18029,0,1,0,1,0,0,0,0,1,1,0,0,2.0
18042,0,1,0,0,0,1,0,0,1,1,0,0,2.0
18104,0,1,0,0,0,1,0,0,1,0,1,0,2.0
18105,0,1,0,0,1,0,0,0,1,1,0,0,2.0
18158,0,1,0,1,0,0,0,0,1,1,0,0,2.0
18174,0,1,0,0,1,0,0,0,1,1,0,0,2.0
18187,0,1,0,0,1,0,0,0,1,1,0,0,2.0
18191,0,1,0,1,0,0,0,0,1,1,0,0,2.0
18208,0,1,0,0,1,0,0,0,1,1,0,0,2.0
18247,0,1,0,1,0,0,0,0,1,1,0,0,2.0
18277,0,1,0,1,0,0,0,0,1,1,0,0,2.0
18305,1,0,0,1,0,0,0,0,1,1,0,0,2.0
18328,0,1,0,0,1,0,0,0,1,1,0,0,2.0
18394,0,1,0,0,1,0,0,0,1,1,0,0,2.0
18405,0,1,0,1,0,0,0,0,1,1,0,0,2.0
18415,0,1,0,1,0,0,0,0,1,1,0,0,2.0
18435,0,1,0,0,1,0,0,0,1,1,0,0,2.0
18436,0,1,0,0,1,0,0,0,1,1,0,0,2.0
18437,0,1,0,0,1,0,0,0,1,1,0,0,2.0
18440,0,1,0,0,1,0,0,0,1,1,0,0,2.0
18441,1,0,0,1,0,0,0,0,1,1,0,0,2.0
18444,0,1,0,0,1,0,0,0,1,1,0,0,2.0
18445,0,1,0,0,1,0,0,0,1,1,0,0,2.0
18506,0,1,0,0,1,0,0,0,1,1,0,0,2.0
18527,0,1,0,0,0,1,0,0,1,1,0,0,2.0
18532,0,1,0,1,0,0,0,0,1,1,0,0,2.0
18539,0,1,0,0,1,0,0,0,1,1,0,0,2.0
18558,0,1,0,0,1,0,0,0,1,1,0,0,2.0
18567,0,1,0,0,1,0,0,0,1,1,0,0,2.0
18600,0,1,0,0,1,0,0,0,1,1,0,0,2.0
18633,0,1,0,1,0,0,0,0,1,1,0,0,2.0
18645,0,1,0,1,0,0,0,0,1,1,0,0,2.0
18677,0,1,0,1,0,0,0,0,1,1,0,0,2.0
18689,0,1,0,1,0,0,0,0,1,0,1,0,2.0
18738,0,1,0,0,1,0,0,0,1,1,0,0,2.0
18833,0,1,0,0,1,0,0,0,1,1,0,0,2.0
18835,0,1,0,0,1,0,0,0,1,1,0,0,2.0
18852,0,1,0,0,1,0,0,0,1,1,0,0,2.0
18859,0,1,0,0,1,0,0,0,1,1,0,0,2.0
18944,0,1,0,1,0,0,0,0,1,1,0,0,2.0
18962,0,1,0,0,1,0,0,0,1,1,0,0,2.0
18979,0,1,0,1,0,0,0,0,1,1,0,0,2.0
19004,1,0,0,1,0,0,0,0,1,1,0,0,2.0
19046,0,1,0,0,1,0,0,0,1,1,0,0,2.0
19050,0,1,0,1,0,0,0,0,1,1,0,0,2.0
19068,0,1,0,0,1,0,0,0,1,1,0,0,2.0
19070,1,0,0,1,0,0,0,0,1,0,0,1,2.0
19090,0,1,0,0,1,0,0,0,1,1,0,0,2.0
19092,1,0,0,1,0,0,0,0,1,1,0,0,2.0
19154,0,1,0,0,0,1,0,0,1,1,0,0,2.0
19190,1,0,0,1,0,0,0,0,1,1,0,0,2.0
19212,0,1,0,0,0,1,0,0,1,1,0,0,2.0
19262,0,1,0,0,1,0,0,0,1,1,0,0,2.0
19273,1,0,0,1,0,0,0,0,1,0,1,0,2.0
19280,0,1,0,0,1,0,0,0,1,1,0,0,2.0
19287,0,1,0,1,0,0,0,0,1,1,0,0,2.0
19294,0,1,0,0,1,0,0,0,1,1,0,0,2.0
19302,0,1,0,0,1,0,0,0,1,1,0,0,2.0
19303,0,1,0,0,1,0,0,0,1,1,0,0,2.0
19336,0,1,0,0,1,0,0,0,1,1,0,0,2.0
19356,0,1,0,0,1,0,0,0,1,1,0,0,2.0
19358,0,1,0,0,1,0,0,0,1,1,0,0,2.0
19361,0,1,0,0,1,0,0,0,1,1,0,0,2.0
19366,0,1,0,0,0,1,0,0,1,1,0,0,2.0
19399,0,1,0,0,1,0,0,0,1,1,0,0,2.0
19414,0,1,0,0,1,0,0,0,1,1,0,0,2.0
19432,0,1,0,0,1,0,0,0,1,1,0,0,2.0
19459,0,1,0,1,0,0,0,0,1,1,0,0,2.0
19471,0,1,0,0,1,0,0,0,1,1,0,0,2.0
19505,0,1,0,1,0,0,0,0,1,1,0,0,2.0
19529,0,1,0,0,1,0,0,0,1,1,0,0,2.0
19530,0,1,0,0,1,0,0,0,1,1,0,0,2.0
19592,0,1,0,1,0,0,0,0,1,1,0,0,2.0
19610,0,1,0,0,1,0,0,0,1,1,0,0,2.0
19613,0,1,0,0,1,0,0,0,1,1,0,0,2.0
19625,0,1,0,1,0,0,0,0,1,0,1,0,2.0
19686,1,0,0,1,0,0,0,0,1,0,1,0,2.0
19687,1,0,0,1,0,0,0,0,1,1,0,0,2.0
19693,1,0,0,1,0,0,0,0,1,0,1,0,2.0
19749,0,1,0,0,1,0,0,0,1,1,0,0,2.0
19771,0,1,0,1,0,0,0,0,1,0,1,0,2.0
19775,0,1,0,0,1,0,0,0,1,1,0,0,2.0
19777,0,1,0,0,0,1,0,0,1,1,0,0,2.0
19784,0,1,0,0,1,0,0,0,1,1,0,0,2.0
19786,0,1,0,1,0,0,0,0,1,1,0,0,2.0
19806,1,0,0,1,0,0,0,0,1,1,0,0,2.0
19822,0,1,0,1,0,0,0,0,1,1,0,0,2.0
19903,0,1,0,0,1,0,0,0,1,1,0,0,2.0
19904,0,1,0,0,1,0,0,0,1,1,0,0,2.0
19915,1,0,0,1,0,0,0,0,1,0,1,0,2.0
19990,1,0,0,1,0,0,0,0,1,1,0,0,2.0
19994,0,1,0,0,0,1,0,0,1,1,0,0,2.0
20019,0,1,0,1,0,0,0,0,1,0,1,0,2.0
20047,1,0,0,0,0,1,0,0,1,1,0,0,2.0
20095,0,1,0,0,0,1,0,0,1,1,0,0,2.0
20131,0,1,0,0,1,0,0,0,1,1,0,0,2.0
20141,0,1,0,1,0,0,0,0,1,1,0,0,2.0
20148,0,1,0,0,1,0,0,0,1,1,0,0,2.0
20172,1,0,0,1,0,0,0,0,1,0,1,0,2.0
20173,1,0,0,1,0,0,0,0,1,1,0,0,2.0
20174,1,0,0,1,0,0,0,0,1,0,0,1,2.0
20175,1,0,0,1,0,0,0,0,1,1,0,0,2.0
20176,1,0,0,1,0,0,0,0,1,1,0,0,2.0
20177,1,0,0,1,0,0,0,0,1,0,0,1,2.0
20178,1,0,0,1,0,0,0,0,1,0,1,0,2.0
20183,0,1,0,1,0,0,0,0,1,1,0,0,2.0
20185,1,0,0,1,0,0,0,0,1,0,1,0,2.0
20201,0,1,0,0,1,0,0,0,1,1,0,0,2.0
20219,0,1,0,0,1,0,0,0,1,1,0,0,2.0
20222,0,1,0,0,1,0,0,0,1,1,0,0,2.0
20242,0,1,0,1,0,0,0,0,1,1,0,0,2.0
20346,1,0,0,1,0,0,0,0,1,0,1,0,2.0
20362,0,1,0,0,1,0,0,0,1,1,0,0,2.0
20392,0,1,0,0,1,0,0,0,1,1,0,0,2.0
20398,0,1,0,0,0,1,0,0,1,0,1,0,2.0
20416,1,0,0,1,0,0,0,0,1,1,0,0,2.0
20447,0,1,0,1,0,0,0,0,1,1,0,0,2.0
20448,1,0,0,1,0,0,0,0,1,1,0,0,2.0
20449,1,0,0,1,0,0,0,0,1,0,1,0,2.0
20467,0,1,0,1,0,0,0,0,1,1,0,0,2.0
20499,0,1,0,1,0,0,0,0,1,1,0,0,2.0
20714,0,1,0,0,1,0,0,0,1,1,0,0,2.0
20716,0,1,0,0,1,0,0,0,1,1,0,0,2.0
20740,0,1,0,0,0,1,0,0,1,1,0,0,2.0
20763,0,1,0,0,1,0,0,0,1,1,0,0,2.0
20780,1,0,0,1,0,0,0,0,1,1,0,0,2.0
20817,0,1,0,1,0,0,0,0,1,1,0,0,2.0
20840,0,1,0,1,0,0,0,0,1,1,0,0,2.0
20888,1,0,0,1,0,0,0,0,1,1,0,0,2.0
20890,0,1,0,1,0,0,0,0,1,1,0,0,2.0
20894,0,1,0,0,1,0,0,0,1,1,0,0,2.0
20909,0,1,0,1,0,0,0,0,1,0,1,0,2.0
20918,0,1,0,1,0,0,0,0,1,1,0,0,2.0
20928,0,1,0,1,0,0,0,0,1,1,0,0,2.0
20940,0,1,0,0,1,0,0,0,1,1,0,0,2.0
20960,0,1,0,1,0,0,0,0,1,1,0,0,2.0
20963,0,1,0,1,0,0,0,0,1,0,1,0,2.0
20968,0,1,0,0,0,1,0,0,1,0,1,0,2.0
20989,0,1,0,0,1,0,0,0,1,0,1,0,2.0
21007,1,0,0,1,0,0,0,0,1,1,0,0,2.0
21034,0,1,0,0,1,0,0,0,1,1,0,0,2.0
21073,0,1,0,0,0,1,0,0,1,0,1,0,2.0
21077,0,1,0,1,0,0,0,0,1,1,0,0,2.0
21092,0,1,0,1,0,0,0,0,1,1,0,0,2.0
21136,0,1,0,1,0,0,0,0,1,1,0,0,2.0
21160,0,1,0,0,1,0,0,0,1,1,0,0,2.0
21178,1,0,0,1,0,0,0,0,1,1,0,0,2.0
21183,0,1,0,0,0,1,0,0,1,1,0,0,2.0
21246,1,0,0,1,0,0,0,0,1,1,0,0,2.0
21296,1,0,0,1,0,0,0,0,1,1,0,0,2.0
21297,0,1,0,0,0,1,0,0,1,0,1,0,2.0
21300,0,1,0,0,1,0,0,0,1,1,0,0,2.0
21306,0,1,0,0,0,1,0,0,1,1,0,0,2.0
21329,0,1,0,0,1,0,0,0,1,1,0,0,2.0
21358,0,1,0,0,1,0,0,0,1,1,0,0,2.0
21362,0,1,0,0,1,0,0,0,1,1,0,0,2.0
21373,1,0,0,1,0,0,0,0,1,1,0,0,2.0
21379,0,1,0,0,1,0,0,0,1,1,0,0,2.0
21387,1,0,0,1,0,0,0,0,1,0,0,1,2.0
21435,0,1,0,0,1,0,0,0,1,1,0,0,2.0
21472,1,0,0,1,0,0,0,0,1,1,0,0,2.0
21517,0,1,0,0,0,1,0,0,1,1,0,0,2.0
21651,0,1,0,0,0,1,0,0,1,1,0,0,2.0
21657,0,1,0,0,1,0,0,0,1,1,0,0,2.0
21692,1,0,0,1,0,0,0,0,1,1,0,0,2.0
21694,1,0,0,1,0,0,0,0,1,1,0,0,2.0
21721,1,0,0,1,0,0,0,0,1,1,0,0,2.0
21742,1,0,0,1,0,0,0,0,1,0,1,0,2.0
21765,1,0,0,1,0,0,0,0,1,0,0,1,2.0
21766,1,0,0,1,0,0,0,0,1,1,0,0,2.0
21768,1,0,0,1,0,0,0,0,1,0,1,0,2.0
21781,0,1,0,1,0,0,0,0,1,1,0,0,2.0
21865,0,1,0,1,0,0,0,0,1,1,0,0,2.0
21866,0,1,0,0,1,0,0,0,1,1,0,0,2.0
21875,1,0,0,1,0,0,0,0,1,1,0,0,2.0
21897,0,1,0,1,0,0,0,0,1,1,0,0,2.0
21912,1,0,0,1,0,0,0,0,1,0,1,0,2.0
21949,1,0,0,1,0,0,0,0,1,1,0,0,2.0
21973,1,0,0,1,0,0,0,0,1,1,0,0,2.0
21993,0,1,0,1,0,0,0,0,1,1,0,0,2.0
22000,0,1,0,0,1,0,0,0,1,1,0,0,2.0
22032,0,1,0,1,0,0,0,0,1,1,0,0,2.0
22038,0,1,0,0,0,1,0,0,1,1,0,0,2.0
22075,0,1,0,1,0,0,0,0,1,1,0,0,2.0
22106,0,1,0,0,1,0,0,0,1,1,0,0,2.0
22111,0,1,0,1,0,0,0,0,1,1,0,0,2.0
22165,1,0,0,1,0,0,0,0,1,1,0,0,2.0
22195,0,1,0,1,0,0,0,0,1,0,1,0,2.0
22196,0,1,0,1,0,0,0,0,1,1,0,0,2.0
22233,1,0,0,1,0,0,0,0,1,1,0,0,2.0
22287,1,0,0,1,0,0,0,0,1,1,0,0,2.0
22317,0,1,0,0,1,0,0,0,1,0,1,0,2.0
22381,1,0,0,1,0,0,0,0,1,1,0,0,2.0
22383,1,0,0,1,0,0,0,0,1,1,0,0,2.0
22393,0,1,0,0,1,0,0,0,1,1,0,0,2.0
22427,0,1,0,1,0,0,0,0,1,1,0,0,2.0
22430,0,1,0,0,1,0,0,0,1,0,1,0,2.0
22466,1,0,0,1,0,0,0,0,1,0,1,0,2.0
22491,0,1,0,0,1,0,0,0,1,1,0,0,2.0
22494,0,1,0,0,1,0,0,0,1,1,0,0,2.0
22507,0,1,0,0,0,1,0,0,1,1,0,0,2.0
22517,0,1,0,0,1,0,0,0,1,1,0,0,2.0
22553,0,1,0,1,0,0,0,0,1,0,1,0,2.0
22568,0,1,0,0,1,0,0,0,1,1,0,0,2.0
22591,0,1,0,0,1,0,0,0,1,1,0,0,2.0
22616,0,1,0,0,1,0,0,0,1,1,0,0,2.0
22663,1,0,0,1,0,0,0,0,1,0,0,1,2.0
22680,0,1,0,0,1,0,0,0,1,1,0,0,2.0
22686,0,1,0,0,1,0,0,0,1,1,0,0,2.0
22688,1,0,0,1,0,0,0,0,1,1,0,0,2.0
22689,1,0,0,1,0,0,0,0,1,1,0,0,2.0
22690,1,0,0,1,0,0,0,0,1,1,0,0,2.0
22717,0,1,0,0,1,0,0,0,1,1,0,0,2.0
22776,0,1,0,1,0,0,0,0,1,1,0,0,2.0
22830,1,0,0,1,0,0,0,0,1,1,0,0,2.0
22903,1,0,0,1,0,0,0,0,1,1,0,0,2.0
22905,0,1,0,0,0,1,0,0,1,0,0,1,2.0
22906,0,1,0,0,0,1,0,0,1,0,0,1,2.0
22908,0,1,0,0,0,1,0,0,1,0,1,0,2.0
22918,0,1,0,0,1,0,0,0,1,1,0,0,2.0
22945,1,0,0,1,0,0,0,0,1,1,0,0,2.0
22957,0,1,0,0,0,1,0,0,1,1,0,0,2.0
22980,0,1,0,0,1,0,0,0,1,1,0,0,2.0
22996,0,1,0,0,1,0,0,0,1,1,0,0,2.0
23104,0,1,0,1,0,0,0,0,1,1,0,0,2.0
23114,0,1,0,0,1,0,0,0,1,1,0,0,2.0
23115,0,1,0,0,1,0,0,0,1,0,1,0,2.0
23125,0,1,0,1,0,0,0,0,1,1,0,0,2.0
23201,1,0,0,1,0,0,0,0,1,1,0,0,2.0
23222,0,1,0,1,0,0,0,0,1,1,0,0,2.0
23223,0,1,0,1,0,0,0,0,1,1,0,0,2.0
23228,1,0,0,1,0,0,0,0,1,1,0,0,2.0
23231,0,1,0,1,0,0,0,0,1,0,1,0,2.0
23274,0,1,0,0,1,0,0,0,1,0,1,0,2.0
23290,0,1,0,1,0,0,0,0,1,1,0,0,2.0
23294,0,1,0,0,1,0,0,0,1,1,0,0,2.0
23296,0,1,0,1,0,0,0,0,1,0,1,0,2.0
23312,1,0,1,0,0,0,0,0,1,1,0,0,2.0
23320,0,1,0,1,0,0,0,0,1,1,0,0,2.0
23322,0,1,0,0,1,0,0,0,1,1,0,0,2.0
23324,0,1,0,1,0,0,0,0,1,1,0,0,2.0
23350,1,0,0,1,0,0,0,0,1,1,0,0,2.0
23364,0,1,0,1,0,0,0,0,1,1,0,0,2.0
23394,0,1,0,0,0,1,0,0,1,1,0,0,2.0
